{"cpu.count":8,"cpu.goroutines":3,"cpu.cgo_calls":1,"mem.alloc":435832,"mem.total":435832,"mem.sys":8834064,"mem.lookups":0,"mem.malloc":684,"mem.frees":13,"mem.heap.alloc":435832,"mem.heap.sys":3801088,"mem.heap.idle":2826240,"mem.heap.inuse":974848,"mem.heap.released":2826240,"mem.heap.objects":671,"mem.stack.inuse":393216,"mem.stack.sys":393216,"mem.stack.mspan_inuse":28560,"mem.stack.mspan_sys":32640,"mem.stack.mcache_inuse":9600,"mem.stack.mcache_sys":15600,"mem.othersys":693707,"mem.gc.sys":3893864,"mem.gc.next":4194304,"mem.gc.last":0,"mem.gc.pause_total":0,"mem.gc.pause":0,"mem.gc.count":0,"mem.gc.cpu_fraction":0,"timestamp":1662142453998461000}
{"cpu.count":8,"cpu.goroutines":3,"cpu.cgo_calls":1,"mem.alloc":1578016,"mem.total":15422112,"mem.sys":14142480,"mem.lookups":0,"mem.malloc":1245015,"mem.frees":1174170,"mem.heap.alloc":1578016,"mem.heap.sys":7897088,"mem.heap.idle":5742592,"mem.heap.inuse":2154496,"mem.heap.released":2809856,"mem.heap.objects":70845,"mem.stack.inuse":491520,"mem.stack.sys":491520,"mem.stack.mspan_inuse":75208,"mem.stack.mspan_sys":114240,"mem.stack.mcache_inuse":9600,"mem.stack.mcache_sys":15600,"mem.othersys":1024363,"mem.gc.sys":4595720,"mem.gc.next":4194304,"mem.gc.last":1662142454812495000,"mem.gc.pause_total":165250,"mem.gc.pause":41500,"mem.gc.count":4,"mem.gc.cpu_fraction":0.0003545198791131613,"timestamp":1662142455000258000}
{"cpu.count":8,"cpu.goroutines":3,"cpu.cgo_calls":1,"mem.alloc":3001504,"mem.total":16845600,"mem.sys":14142480,"mem.lookups":0,"mem.malloc":1362570,"mem.frees":1203553,"mem.heap.alloc":3001504,"mem.heap.sys":7897088,"mem.heap.idle":4235264,"mem.heap.inuse":3661824,"mem.heap.released":2433024,"mem.heap.objects":159017,"mem.stack.inuse":491520,"mem.stack.sys":491520,"mem.stack.mspan_inuse":92616,"mem.stack.mspan_sys":114240,"mem.stack.mcache_inuse":9600,"mem.stack.mcache_sys":15600,"mem.othersys":997667,"mem.gc.sys":4622416,"mem.gc.next":4194304,"mem.gc.last":1662142454812495000,"mem.gc.pause_total":165250,"mem.gc.pause":41500,"mem.gc.count":4,"mem.gc.cpu_fraction":0.0003545198791131613,"timestamp":1662142456000206000}
{"cpu.count":8,"cpu.goroutines":3,"cpu.cgo_calls":1,"mem.alloc":1209280,"mem.total":18422528,"mem.sys":14404624,"mem.lookups":0,"mem.malloc":1492773,"mem.frees":1445482,"mem.heap.alloc":1209280,"mem.heap.sys":7864320,"mem.heap.idle":6053888,"mem.heap.inuse":1810432,"mem.heap.released":3006464,"mem.heap.objects":47291,"mem.stack.inuse":524288,"mem.stack.sys":524288,"mem.stack.mspan_inuse":71672,"mem.stack.mspan_sys":114240,"mem.stack.mcache_inuse":9600,"mem.stack.mcache_sys":15600,"mem.othersys":1249523,"mem.gc.sys":4632704,"mem.gc.next":4194304,"mem.gc.last":1662142456516973000,"mem.gc.pause_total":199792,"mem.gc.pause":34542,"mem.gc.count":5,"mem.gc.cpu_fraction":0.00014083609457264898,"timestamp":1662142457000142000}
{"cpu.count":8,"cpu.goroutines":3,"cpu.cgo_calls":1,"mem.alloc":2845264,"mem.total":20058512,"mem.sys":14404624,"mem.lookups":0,"mem.malloc":1628152,"mem.frees":1479321,"mem.heap.alloc":2845264,"mem.heap.sys":7864320,"mem.heap.idle":4358144,"mem.heap.inuse":3506176,"mem.heap.released":3006464,"mem.heap.objects":148831,"mem.stack.inuse":524288,"mem.stack.sys":524288,"mem.stack.mspan_inuse":106488,"mem.stack.mspan_sys":114240,"mem.stack.mcache_inuse":9600,"mem.stack.mcache_sys":15600,"mem.othersys":1214563,"mem.gc.sys":4667664,"mem.gc.next":4194304,"mem.gc.last":1662142456516973000,"mem.gc.pause_total":199792,"mem.gc.pause":34542,"mem.gc.count":5,"mem.gc.cpu_fraction":0.00014083609457264898,"timestamp":1662142457999704000}
{"cpu.count":8,"cpu.goroutines":3,"cpu.cgo_calls":1,"mem.alloc":1128608,"mem.total":21695832,"mem.sys":14404624,"mem.lookups":0,"mem.malloc":1763648,"mem.frees":1721392,"mem.heap.alloc":1128608,"mem.heap.sys":7864320,"mem.heap.idle":6144000,"mem.heap.inuse":1720320,"mem.heap.released":2924544,"mem.heap.objects":42256,"mem.stack.inuse":524288,"mem.stack.sys":524288,"mem.stack.mspan_inuse":75344,"mem.stack.mspan_sys":130560,"mem.stack.mcache_inuse":9600,"mem.stack.mcache_sys":15600,"mem.othersys":1198243,"mem.gc.sys":4667664,"mem.gc.next":4194304,"mem.gc.last":1662142458552179000,"mem.gc.pause_total":238583,"mem.gc.pause":38791,"mem.gc.count":6,"mem.gc.cpu_fraction":0.00009227252847946645,"timestamp":1662142459000185000}
{"cpu.count":8,"cpu.goroutines":3,"cpu.cgo_calls":1,"mem.alloc":2705472,"mem.total":23272696,"mem.sys":14404624,"mem.lookups":0,"mem.malloc":1894177,"mem.frees":1754020,"mem.heap.alloc":2705472,"mem.heap.sys":7864320,"mem.heap.idle":4489216,"mem.heap.inuse":3375104,"mem.heap.released":2932736,"mem.heap.objects":140157,"mem.stack.inuse":524288,"mem.stack.sys":524288,"mem.stack.mspan_inuse":92752,"mem.stack.mspan_sys":130560,"mem.stack.mcache_inuse":9600,"mem.stack.mcache_sys":15600,"mem.othersys":1198243,"mem.gc.sys":4667664,"mem.gc.next":4194304,"mem.gc.last":1662142458552179000,"mem.gc.pause_total":238583,"mem.gc.pause":38791,"mem.gc.count":6,"mem.gc.cpu_fraction":0.00009227252847946645,"timestamp":1662142460000242000}
{"cpu.count":8,"cpu.goroutines":4,"cpu.cgo_calls":1,"mem.alloc":871784,"mem.total":24824304,"mem.sys":14404624,"mem.lookups":0,"mem.malloc":2022531,"mem.frees":1996448,"mem.heap.alloc":871784,"mem.heap.sys":7864320,"mem.heap.idle":6389760,"mem.heap.inuse":1474560,"mem.heap.released":2809856,"mem.heap.objects":26083,"mem.stack.inuse":524288,"mem.stack.sys":524288,"mem.stack.mspan_inuse":64736,"mem.stack.mspan_sys":130560,"mem.stack.mcache_inuse":9600,"mem.stack.mcache_sys":15600,"mem.othersys":1196195,"mem.gc.sys":4669712,"mem.gc.next":4194304,"mem.gc.last":1662142460743381000,"mem.gc.pause_total":275374,"mem.gc.pause":36791,"mem.gc.count":7,"mem.gc.cpu_fraction":0.00007267282651268201,"timestamp":1662142461000244000}
